<application>
  <component name="CodeInsightSettings">
    <option name="SHOW_PARAMETER_NAME_HINTS_ON_COMPLETION" value="true" />
    <option name="SHOW_FULL_SIGNATURES_IN_PARAMETER_INFO" value="true" />
  </component>
  <component name="CodeVisionSettings">
    <option name="codeVisionGroupToPosition">
      <map>
        <entry key="inheritors" value="Default" />
        <entry key="problems" value="Default" />
        <entry key="references" value="Default" />
        <entry key="vcs.code.vision" value="Default" />
      </map>
    </option>
    <option name="disabledCodeVisionProviderIds">
      <set>
        <option value="inheritors" />
        <option value="problems" />
        <option value="references" />
        <option value="vcs.code.vision" />
      </set>
    </option>
    <option name="enabled" value="false" />
  </component>
  <component name="DaemonCodeAnalyzerSettings">
    <option name="AUTOREPARSE_DELAY" value="0" />
  </component>
  <component name="DeclarativeInlayHintsSettings">
    <option name="providerIdToEnabled">
      <map>
        <entry key="java.implicit.types" value="false" />
        <entry key="java.method.chains" value="true" />
        <entry key="js.chain.hints" value="true" />
        <entry key="js.type.hints" value="true" />
        <entry key="lsp.inlay.Parameter.Swift" value="true" />
        <entry key="lsp.inlay.Type.Swift" value="true" />
        <entry key="ts.chain.hints" value="true" />
        <entry key="ts.enum.hints" value="true" />
        <entry key="ts.type.hints" value="true" />
      </map>
    </option>
  </component>
  <component name="EditorSettings">
    <option name="languageBreadcrumbsMap">
      <map>
        <entry key="CSS" value="true" />
        <entry key="HTML" value="true" />
        <entry key="JAVA" value="true" />
        <entry key="JSON" value="true" />
        <entry key="JavaScript" value="true" />
        <entry key="LESS" value="true" />
        <entry key="Markdown" value="true" />
        <entry key="PHP" value="true" />
        <entry key="SASS" value="true" />
        <entry key="SCSS" value="true" />
        <entry key="SQL" value="true" />
        <entry key="TypeScript" value="true" />
        <entry key="XHTML" value="true" />
        <entry key="XML" value="true" />
        <entry key="kotlin" value="true" />
        <entry key="yaml" value="true" />
      </map>
    </option>
    <option name="USE_SOFT_WRAPS" value="CONSOLE" />
    <option name="STRIP_TRAILING_SPACES" value="Whole" />
    <option name="IS_ENSURE_NEWLINE_AT_EOF" value="true" />
    <option name="SHOW_BREADCRUMBS_ABOVE" value="true" />
    <option name="IS_LEADING_WHITESPACES_SHOWN" value="false" />
    <option name="IS_WHEEL_FONTCHANGE_ENABLED" value="true" />
    <option name="REFRAIN_FROM_SCROLLING" value="true" />
  </component>
  <component name="InlayHintsSettings">
    <option name="disabledHintProviderIds">
      <set>
        <option value="JAVA.java.implicit.types" />
      </set>
    </option>
    <option name="lastViewedProviderKeyId" value=".inheritors" />
  </component>
  <component name="JSEditorOptions">
    <option name="START_STRING_INTERPOLATION_ON_TYPING" value="true" />
  </component>
  <component name="TodoConfiguration">
    <pattern pattern="\btodo\b.*" />
    <pattern pattern="\bfixme\b.*" />
    <pattern icon="question" useCustomColors="true" pattern="\byassine\b.*">
      <option name="FOREGROUND" value="cb1af" />
      <option name="FONT_TYPE" value="3" />
      <option name="ERROR_STRIPE_COLOR" value="c04b64" />
    </pattern>
    <pattern pattern="\bdiscuss\b.*" />
    <pattern icon="question" useCustomColors="true" pattern="\bniels\b.*">
      <option name="FOREGROUND" value="cb1af" />
      <option name="FONT_TYPE" value="3" />
      <option name="ERROR_STRIPE_COLOR" value="c04b64" />
    </pattern>
  </component>
  <component name="XmlEditorOptions">
    <option name="tagTreeHighlightingOpacity" value="25" />
  </component>
</application>