<application>
  <component name="FileTypeManager" version="18">
    <extensionMap>
      <mapping pattern=".lintstagedrc" type="JSON" />
      <mapping pattern=".resolve" type="JavaScript" />
      <mapping pattern=".tmux.conf" type="Shell Script" />
      <mapping ext="plist" type="XML" />
      <removed_mapping ext="apk" approved="true" type="ARCHIVE" />
      <removed_mapping ext="conf" approved="true" type="SmartyConfig" />
      <removed_mapping ext="csv" approved="true" type="CSV/TSV" />
      <removed_mapping ext="ignore" approved="true" type="IgnoreLang file" />
      <removed_mapping ext="log" approved="true" type="PLAIN_TEXT" />
      <removed_mapping ext="pdf" approved="true" type="Native" />
      <removed_mapping ext="psd" approved="true" type="Image" />
      <removed_mapping ext="tsv" approved="true" type="CSV/TSV" />
      <removed_mapping pattern=".tmux-powerlinerc" approved="true" type="Shell Script" />
    </extensionMap>
  </component>
</application>