<application>
  <component name="FindSettings">
    <option name="caseSensitive" value="true" />
    <option name="customScope" value="All Places" />
    <option name="defaultScopeName" value="All Places" />
    <option name="localCaseSensitive" value="true" />
    <option name="CASE_SENSITIVE_SEARCH" value="true" />
    <option name="LOCAL_CASE_SENSITIVE_SEARCH" value="true" />
    <option name="SEARCH_SCOPE" value="All Places" />
    <mask>*.css</mask>
    <mask>*.html</mask>
    <mask>*.xml</mask>
    <mask>*.jsp</mask>
    <mask>*.properties</mask>
    <mask>*.java</mask>
    <mask>aaa</mask>
    <mask>*.tsx</mask>
    <mask>*.ts</mask>
    <mask>*.md</mask>
    <mask>*.ts, *.tsx</mask>
    <mask>*.js</mask>
    <mask>*.blade.php</mask>
    <mask>*.json</mask>
    <mask>*.ts, *.tsx, *.js, *.jsx</mask>
  </component>
</application>