<application>
  <component name="GraziConfig">
    <option name="enabledLanguages">
      <set>
        <option value="English (US)" />
        <option value="Dutch" />
      </set>
    </option>
    <option name="suppressingContext">
      <SuppressingContext>
        <option name="suppressed">
          <set>
            <option value="offerCategoriesSlice" />
            <option value="keystrokesData" />
            <option value="daysOverview" />
            <option value="ChallengesNavigator" />
            <option value="OffersResource" />
            <option value="Pechhulp" />
            <option value="0|eslint react/prop-types: 0 disabling react/prop-types because there's no way to add propTypes to Home, Checklist and Dots here" />
            <option value="Webpack&quot;.|Navigate to &quot;Languages &amp; Frameworks&quot; -&gt; &quot;JavaScript&quot; -&gt; &quot;Webpack&quot;." />
            <option value="array|if afwRegelmatigeBestuurder is set, then the list contains 3 items and vehicleObject moves in array." />
            <option value="GetOffersPromise" />
            <option value="keystrokesArray" />
            <option value="keystrokesFrequency" />
            <option value="ConnectionsScreen" />
            <option value="Setup the" />
            <option value="GetSearchedOffersPromise" />
            <option value="offersResource" />
            <option value="OffersOverview" />
            <option value="OfferCategoriesState" />
            <option value="offersSelector" />
            <option value="keystrokesResponse" />
            <option value="offersSearch" />
            <option value="OffersState" />
            <option value="UsersTableSeeder" />
            <option value="getWorkshopsSuccess" />
            <option value="InviteUsersList" />
            <option value="offersSlice" />
            <option value="isAccidentsPolicy" />
            <option value="policiesResponse" />
            <option value="x axis" />
            <option value="offerCategoriesReducer" />
            <option value="modulesAccess" />
            <option value="Nextjs" />
            <option value="nextjs" />
          </set>
        </option>
      </SuppressingContext>
    </option>
  </component>
</application>