<application>
  <component name="GeneralSettings">
    <option name="showTipsOnStartup" value="true" />
    <option name="reopenLastProject" value="false" />
    <option name="autoSaveFiles" value="false" />
    <option name="confirmExit" value="false" />
    <option name="confirmOpenNewProject2" value="-1" />
  </component>
  <component name="Registry">
    <entry key="ide.experimental.ui" value="true" />
    <entry key="eslint.additional.file.extensions" value="svelte" />
    <entry key="ide.svg.icon" value="true" />
    <entry key="dumb.aware.run.configurations" value="true" />
    <entry key="debugger.new.tool.window.layout" value="true" />
    <entry key="ide.experimental.ui.inter.font" value="false" />
    <entry key="idea.plugins.compatible.build" value="" />
  </component>
  <component name="StatusBar">
    <option name="widgets">
      <map>
        <entry key="DBNavigator.Project.DatasetEditorStatusBarWidgetFactory" value="false" />
        <entry key="FlowJSInfo" value="false" />
        <entry key="Memory" value="true" />
        <entry key="WakaTime" value="false" />
      </map>
    </option>
  </component>
</application>