<application>
  <component name="DependencyUISettings">
    <option name="UI_FLATTEN_PACKAGES" value="false" />
    <option name="UI_GROUP_BY_SCOPE_TYPE" value="false" />
    <option name="SCOPE_TYPE" value="file" />
  </component>
  <component name="ProjectViewFileNesting">
    <nesting-rules>
      <NestingRule child-file-suffix=".js" parent-file-suffix=".coffee" />
      <NestingRule child-file-suffix=".js.map" parent-file-suffix=".coffee" />
      <NestingRule child-file-suffix=".map" parent-file-suffix=".coffee" />
      <NestingRule child-file-suffix=".css.map" parent-file-suffix=".css" />
      <NestingRule child-file-suffix=".min.css" parent-file-suffix=".css" />
      <NestingRule child-file-suffix=".min.css.map" parent-file-suffix=".css" />
      <NestingRule child-file-suffix=".js" parent-file-suffix=".es6" />
      <NestingRule child-file-suffix=".js.map" parent-file-suffix=".es6" />
      <NestingRule child-file-suffix=".html" parent-file-suffix=".haml" />
      <NestingRule child-file-suffix="-compiled.js.map" parent-file-suffix=".js" />
      <NestingRule child-file-suffix=".d.ts" parent-file-suffix=".js" />
      <NestingRule child-file-suffix=".js.map" parent-file-suffix=".js" />
      <NestingRule child-file-suffix=".map" parent-file-suffix=".js" />
      <NestingRule child-file-suffix=".min.js" parent-file-suffix=".js" />
      <NestingRule child-file-suffix=".min.js.map" parent-file-suffix=".js" />
      <NestingRule child-file-suffix=".spec.js" parent-file-suffix=".js" />
      <NestingRule child-file-suffix="-compiled.js" parent-file-suffix=".jsp" />
      <NestingRule child-file-suffix=".js" parent-file-suffix=".jsx" />
      <NestingRule child-file-suffix=".js.map" parent-file-suffix=".jsx" />
      <NestingRule child-file-suffix=".css" parent-file-suffix=".less" />
      <NestingRule child-file-suffix=".css.map" parent-file-suffix=".less" />
      <NestingRule child-file-suffix="@1x.png" parent-file-suffix=".png" />
      <NestingRule child-file-suffix="@2x.png" parent-file-suffix=".png" />
      <NestingRule child-file-suffix="@3x.png" parent-file-suffix=".png" />
      <NestingRule child-file-suffix=".css" parent-file-suffix=".sass" />
      <NestingRule child-file-suffix=".css.map" parent-file-suffix=".sass" />
      <NestingRule child-file-suffix=".css" parent-file-suffix=".scss" />
      <NestingRule child-file-suffix=".css.map" parent-file-suffix=".scss" />
      <NestingRule child-file-suffix=".d.ts" parent-file-suffix=".ts" />
      <NestingRule child-file-suffix=".js" parent-file-suffix=".ts" />
      <NestingRule child-file-suffix=".js.map" parent-file-suffix=".ts" />
      <NestingRule child-file-suffix=".stories.tsx" parent-file-suffix=".ts" />
      <NestingRule child-file-suffix=".test.ts" parent-file-suffix=".ts" />
      <NestingRule child-file-suffix=".d.ts" parent-file-suffix=".tsx" />
      <NestingRule child-file-suffix=".js" parent-file-suffix=".tsx" />
      <NestingRule child-file-suffix=".js.map" parent-file-suffix=".tsx" />
      <NestingRule child-file-suffix=".jsx" parent-file-suffix=".tsx" />
      <NestingRule child-file-suffix=".jsx.map" parent-file-suffix=".tsx" />
      <NestingRule child-file-suffix=".stories.tsx" parent-file-suffix=".tsx" />
      <NestingRule child-file-suffix=".test.tsx" parent-file-suffix=".tsx" />
      <NestingRule child-file-suffix=".d.ts" parent-file-suffix=".vue" />
      <NestingRule child-file-suffix=".spec.js" parent-file-suffix=".vue" />
      <NestingRule child-file-suffix=".test.js" parent-file-suffix=".vue" />
    </nesting-rules>
  </component>
  <component name="UISettings">
    <option name="MAX_LOOKUP_WIDTH2" value="552" />
    <option name="OPEN_IN_PREVIEW_TAB_IF_POSSIBLE" value="true" />
    <option name="RECENT_FILES_LIMIT" value="30" />
    <option name="SORT_LOOKUP_ELEMENTS_LEXICOGRAPHICALLY" value="true" />
    <option name="UI_DENSITY" value="COMPACT" />
  </component>
</application>